car_ID,symboling,CarName,fueltype,aspiration,doornumber,carbody,drivewheel,enginelocation,wheelbase,carlength,carwidth,carheight,curbweight,enginetype,cylindernumber,enginesize,fuelsystem,boreratio,stroke,compressionratio,horsepower,peakrpm,citympg,highwaympg,price
16,0,bmw x4,gas,std,four,sedan,rwd,front,103.5,189.0,66.9,55.7,3230,ohc,six,209,mpfi,3.62,3.39,8.0,182,5400,16,22,30760.0
10,0,audi 5000s (diesel),gas,turbo,two,hatchback,fwd,front,99.5,178.2,67.9,52.0,3053,ohc,five,131,mpfi,3.13,3.4,7.0,160,5500,16,22,17859.167
101,0,nissan nv200,gas,std,four,sedan,fwd,front,97.2,173.4,65.2,54.7,2302,ohc,four,120,2bbl,3.33,3.47,8.5,97,5200,27,34,9549.0
133,3,saab 99e,gas,std,two,hatchback,fwd,front,99.1,186.6,66.5,56.1,2658,ohc,four,121,mpfi,3.54,3.07,9.31,110,5250,21,28,11850.0
69,-1,buick century luxus (sw),diesel,turbo,four,wagon,rwd,front,110.0,190.9,70.3,58.7,3750,ohc,five,183,idi,3.58,3.64,21.5,123,4350,22,25,28248.0
96,1,nissan juke,gas,std,two,hatchback,fwd,front,94.5,165.6,63.8,53.3,2028,ohc,four,97,2bbl,3.15,3.29,9.4,69,5200,31,37,7799.0
160,0,toyota corolla,diesel,std,four,hatchback,fwd,front,95.7,166.3,64.4,52.8,2275,ohc,four,110,idi,3.27,3.35,22.5,56,4500,38,47,7788.0
163,0,toyota mark ii,gas,std,four,sedan,fwd,front,95.7,166.3,64.4,52.8,2140,ohc,four,98,2bbl,3.19,3.03,9.0,70,4800,28,34,9258.0
148,0,subaru tribeca,gas,std,four,wagon,fwd,front,97.0,173.5,65.4,53.0,2455,ohcf,four,108,mpfi,3.62,2.64,9.0,94,5200,25,31,10198.0
183,2,vokswagen rabbit,diesel,std,two,sedan,fwd,front,97.3,171.7,65.5,55.7,2261,ohc,four,97,idi,3.01,3.4,23.0,52,4800,37,46,7775.0
192,0,volkswagen rabbit,gas,std,four,sedan,fwd,front,100.4,180.2,66.9,55.1,2661,ohc,five,136,mpfi,3.19,3.4,8.5,110,5500,19,24,13295.0
165,1,toyota corona,gas,std,two,hatchback,rwd,front,94.5,168.7,64.0,52.6,2204,ohc,four,98,2bbl,3.19,3.03,9.0,70,4800,29,34,8238.0
66,0,mazda glc,gas,std,four,sedan,rwd,front,104.9,175.0,66.1,54.4,2670,ohc,four,140,mpfi,3.76,3.16,8.0,120,5000,19,27,18280.0
176,-1,toyota corona,gas,std,four,hatchback,fwd,front,102.4,175.6,66.5,53.9,2414,ohc,four,122,mpfi,3.31,3.54,8.7,92,4200,27,32,9988.0
74,0,buick century special,gas,std,four,sedan,rwd,front,120.9,208.1,71.7,56.7,3900,ohcv,eight,308,mpfi,3.8,3.35,8.0,184,4500,14,16,40960.0
153,1,toyota corolla 1200,gas,std,four,hatchback,fwd,front,95.7,158.7,63.6,54.5,2015,ohc,four,92,2bbl,3.05,3.03,9.0,62,4800,31,38,6488.0
19,2,chevrolet impala,gas,std,two,hatchback,fwd,front,88.4,141.1,60.3,53.2,1488,l,four,61,2bbl,2.91,3.03,9.5,48,5100,47,53,5151.0
83,3,mitsubishi outlander,gas,turbo,two,hatchback,fwd,front,95.9,173.2,66.3,50.2,2833,ohc,four,156,spdi,3.58,3.86,7.0,145,5000,19,24,12629.0
87,1,mitsubishi pajero,gas,std,four,sedan,fwd,front,96.3,172.4,65.4,51.6,2405,ohc,four,122,2bbl,3.35,3.46,8.5,88,5000,25,32,8189.0
144,0,subaru baja,gas,std,four,sedan,fwd,front,97.2,172.0,65.4,52.5,2340,ohcf,four,108,mpfi,3.62,2.64,9.0,94,5200,26,32,9960.0
61,0,mazda glc custom l,gas,std,four,sedan,fwd,front,98.8,177.8,66.5,55.5,2410,ohc,four,122,2bbl,3.39,3.39,8.6,84,4800,26,32,8495.0
102,0,nissan dayz,gas,std,four,sedan,fwd,front,100.4,181.7,66.5,55.1,3095,ohcv,six,181,mpfi,3.43,3.27,9.0,152,5200,17,22,13499.0
99,2,nissan clipper,gas,std,two,hardtop,fwd,front,95.1,162.4,63.8,53.3,2008,ohc,four,97,2bbl,3.15,3.29,9.4,69,5200,31,37,8249.0
31,2,honda civic,gas,std,two,hatchback,fwd,front,86.6,144.6,63.9,50.8,1713,ohc,four,92,1bbl,2.91,3.41,9.6,58,4800,49,54,6479.0
26,1,dodge colt hardtop,gas,std,four,sedan,fwd,front,93.7,157.3,63.8,50.6,1989,ohc,four,90,2bbl,2.97,3.23,9.4,68,5500,31,38,6692.0
17,0,bmw x5,gas,std,two,sedan,rwd,front,103.5,193.8,67.9,53.7,3380,ohc,six,209,mpfi,3.62,3.39,8.0,182,5400,16,22,41315.0
169,2,toyota corolla,gas,std,two,hardtop,rwd,front,98.4,176.2,65.6,52.0,2536,ohc,four,146,mpfi,3.62,3.5,9.3,116,4800,24,30,9639.0
196,-1,volvo 144ea,gas,std,four,wagon,rwd,front,104.3,188.8,67.2,57.5,3034,ohc,four,141,mpfi,3.78,3.15,9.5,114,5400,23,28,13415.0
98,1,nissan note,gas,std,four,wagon,fwd,front,94.5,170.2,63.8,53.5,2037,ohc,four,97,2bbl,3.15,3.29,9.4,69,5200,31,37,7999.0
195,-2,volvo 145e (sw),gas,std,four,sedan,rwd,front,104.3,188.8,67.2,56.2,2912,ohc,four,141,mpfi,3.78,3.15,9.5,114,5400,23,28,12940.0
68,-1,buick electra 225 custom,diesel,turbo,four,sedan,rwd,front,110.0,190.9,70.3,56.5,3515,ohc,five,183,idi,3.58,3.64,21.5,123,4350,22,25,25552.0
121,1,plymouth fury iii,gas,std,four,hatchback,fwd,front,93.7,157.3,63.8,50.6,1967,ohc,four,90,2bbl,2.97,3.23,9.4,68,5500,31,38,6229.0
155,0,toyota corolla 1600 (sw),gas,std,four,wagon,fwd,front,95.7,169.7,63.6,59.1,2290,ohc,four,92,2bbl,3.05,3.03,9.0,62,4800,27,32,7898.0
203,-1,volvo 244dl,gas,std,four,sedan,rwd,front,109.1,188.8,68.9,55.5,3012,ohcv,six,173,mpfi,3.58,2.87,8.8,134,5500,18,23,21485.0
80,1,mitsubishi g4,gas,turbo,two,hatchback,fwd,front,93.0,157.3,63.8,50.8,2145,ohc,four,98,spdi,3.03,3.39,7.6,102,5500,24,30,7689.0
70,0,buick century,diesel,turbo,two,hardtop,rwd,front,106.7,187.5,70.3,54.9,3495,ohc,five,183,idi,3.58,3.64,21.5,123,4350,22,25,28176.0
146,0,subaru r2,gas,turbo,four,sedan,fwd,front,97.0,172.0,65.4,54.3,2510,ohcf,four,108,mpfi,3.62,2.64,7.7,111,4800,24,29,11259.0
56,3,mazda 626,gas,std,two,hatchback,rwd,front,95.3,169.0,65.7,49.6,2380,rotor,two,70,4bbl,3.33,3.255,9.4,101,6000,17,23,10945.0
46,0,isuzu D-Max V-Cross,gas,std,four,sedan,fwd,front,94.5,155.9,63.6,52.0,1909,ohc,four,90,2bbl,3.03,3.11,9.6,70,5400,38,43,8916.5
85,3,mitsubishi mirage g4,gas,turbo,two,hatchback,fwd,front,95.9,173.2,66.3,50.2,2926,ohc,four,156,spdi,3.59,3.86,7.0,145,5000,19,24,14489.0
147,0,subaru trezia,gas,std,four,wagon,fwd,front,97.0,173.5,65.4,53.0,2290,ohcf,four,108,2bbl,3.62,2.64,9.0,82,4800,28,32,7463.0
